ISO,Country.or.Area,Subgroup,Year,Source,Unit,CPRValue,Value Footnotes
AFG,Afghanistan,Female 15-49 yr,2007-2012,"UN_Demographic and Health Surveys (DHS), Multiple Indicator Cluster Surveys (MICS) and other national surveys; United Nations Population Division",Percent,21,1
ALB,Albania,Female 15-49 yr,2007-2012,"UN_Demographic and Health Surveys (DHS), Multiple Indicator Cluster Surveys (MICS) and other national surveys; United Nations Population Division",Percent,69,1
DZA,Algeria,Female 15-49 yr,2007-2012,"UN_Demographic and Health Surveys (DHS), Multiple Indicator Cluster Surveys (MICS) and other national surveys; United Nations Population Division",Percent,61,2
AGO,Angola,Female 15-49 yr,2007-2012,"UN_Demographic and Health Surveys (DHS), Multiple Indicator Cluster Surveys (MICS) and other national surveys; United Nations Population Division",Percent,6,2
ARG,Argentina,Female 15-49 yr,2007-2012,"UN_Demographic and Health Surveys (DHS), Multiple Indicator Cluster Surveys (MICS) and other national surveys; United Nations Population Division",Percent,78,2
ARM,Armenia,Female 15-49 yr,2007-2012,"UN_Demographic and Health Surveys (DHS), Multiple Indicator Cluster Surveys (MICS) and other national surveys; United Nations Population Division",Percent,55,1
AUS,Australia,Female 15-49 yr,2007-2012,"UN_Demographic and Health Surveys (DHS), Multiple Indicator Cluster Surveys (MICS) and other national surveys; United Nations Population Division",Percent,71,2
AZE,Azerbaijan,Female 15-49 yr,2007-2012,"UN_Demographic and Health Surveys (DHS), Multiple Indicator Cluster Surveys (MICS) and other national surveys; United Nations Population Division",Percent,51,2
BHS,Bahamas,Female 15-49 yr,2007-2012,"UN_Demographic and Health Surveys (DHS), Multiple Indicator Cluster Surveys (MICS) and other national surveys; United Nations Population Division",Percent,45,2
BGD,Bangladesh,Female 15-49 yr,2007-2012,"UN_Demographic and Health Surveys (DHS), Multiple Indicator Cluster Surveys (MICS) and other national surveys; United Nations Population Division",Percent,61,1
BLR,Belarus,Female 15-49 yr,2007-2012,"UN_Demographic and Health Surveys (DHS), Multiple Indicator Cluster Surveys (MICS) and other national surveys; United Nations Population Division",Percent,73,2
BEL,Belgium,Female 15-49 yr,2007-2012,"UN_Demographic and Health Surveys (DHS), Multiple Indicator Cluster Surveys (MICS) and other national surveys; United Nations Population Division",Percent,75,2
BLZ,Belize,Female 15-49 yr,2007-2012,"UN_Demographic and Health Surveys (DHS), Multiple Indicator Cluster Surveys (MICS) and other national surveys; United Nations Population Division",Percent,34,2
BEN,Benin,Female 15-49 yr,2007-2012,"UN_Demographic and Health Surveys (DHS), Multiple Indicator Cluster Surveys (MICS) and other national surveys; United Nations Population Division",Percent,13,1
BTN,Bhutan,Female 15-49 yr,2007-2012,"UN_Demographic and Health Surveys (DHS), Multiple Indicator Cluster Surveys (MICS) and other national surveys; United Nations Population Division",Percent,66,1
BOL,Bolivia,Female 15-49 yr,2007-2012,"UN_Demographic and Health Surveys (DHS), Multiple Indicator Cluster Surveys (MICS) and other national surveys; United Nations Population Division",Percent,61,1
BIH,Bosnia and Herzegovina,Female 15-49 yr,2007-2012,"UN_Demographic and Health Surveys (DHS), Multiple Indicator Cluster Surveys (MICS) and other national surveys; United Nations Population Division",Percent,36,2
BWA,Botswana,Female 15-49 yr,2007-2012,"UN_Demographic and Health Surveys (DHS), Multiple Indicator Cluster Surveys (MICS) and other national surveys; United Nations Population Division",Percent,53,1
BRA,Brazil,Female 15-49 yr,2007-2012,"UN_Demographic and Health Surveys (DHS), Multiple Indicator Cluster Surveys (MICS) and other national surveys; United Nations Population Division",Percent,81,2
BFA,Burkina Faso,Female 15-49 yr,2007-2012,"UN_Demographic and Health Surveys (DHS), Multiple Indicator Cluster Surveys (MICS) and other national surveys; United Nations Population Division",Percent,16,1
BDI,Burundi,Female 15-49 yr,2007-2012,"UN_Demographic and Health Surveys (DHS), Multiple Indicator Cluster Surveys (MICS) and other national surveys; United Nations Population Division",Percent,22,1
KHM,Cambodia,Female 15-49 yr,2007-2012,"UN_Demographic and Health Surveys (DHS), Multiple Indicator Cluster Surveys (MICS) and other national surveys; United Nations Population Division",Percent,51,1
CMR,Cameroon,Female 15-49 yr,2007-2012,"UN_Demographic and Health Surveys (DHS), Multiple Indicator Cluster Surveys (MICS) and other national surveys; United Nations Population Division",Percent,23,1
CAN,Canada,Female 15-49 yr,2007-2012,"UN_Demographic and Health Surveys (DHS), Multiple Indicator Cluster Surveys (MICS) and other national surveys; United Nations Population Division",Percent,74,2
CPV,Cape Verde,Female 15-49 yr,2007-2012,"UN_Demographic and Health Surveys (DHS), Multiple Indicator Cluster Surveys (MICS) and other national surveys; United Nations Population Division",Percent,61,2
:::CEE/CIS,CEE/CIS,Female 15-49 yr,2007-2012,"UN_Demographic and Health Surveys (DHS), Multiple Indicator Cluster Surveys (MICS) and other national surveys; United Nations Population Division",Percent,73,3
CAF,Central African Republic,Female 15-49 yr,2007-2012,"UN_Demographic and Health Surveys (DHS), Multiple Indicator Cluster Surveys (MICS) and other national surveys; United Nations Population Division",Percent,15,1
TCD,Chad,Female 15-49 yr,2007-2012,"UN_Demographic and Health Surveys (DHS), Multiple Indicator Cluster Surveys (MICS) and other national surveys; United Nations Population Division",Percent,5,1
CHL,Chile,Female 15-49 yr,2007-2012,"UN_Demographic and Health Surveys (DHS), Multiple Indicator Cluster Surveys (MICS) and other national surveys; United Nations Population Division",Percent,58,2
CHN,China,Female 15-49 yr,2007-2012,"UN_Demographic and Health Surveys (DHS), Multiple Indicator Cluster Surveys (MICS) and other national surveys; United Nations Population Division",Percent,85,2
COL,Colombia,Female 15-49 yr,2007-2012,"UN_Demographic and Health Surveys (DHS), Multiple Indicator Cluster Surveys (MICS) and other national surveys; United Nations Population Division",Percent,79,1
COM,Comoros,Female 15-49 yr,2007-2012,"UN_Demographic and Health Surveys (DHS), Multiple Indicator Cluster Surveys (MICS) and other national surveys; United Nations Population Division",Percent,26,2
COD,Congo,Female 15-49 yr,2007-2012,"UN_Demographic and Health Surveys (DHS), Multiple Indicator Cluster Surveys (MICS) and other national surveys; United Nations Population Division",Percent,45,1
COK,Cook Islands,Female 15-49 yr,2007-2012,"UN_Demographic and Health Surveys (DHS), Multiple Indicator Cluster Surveys (MICS) and other national surveys; United Nations Population Division",Percent,29,1
CRI,Costa Rica,Female 15-49 yr,2007-2012,"UN_Demographic and Health Surveys (DHS), Multiple Indicator Cluster Surveys (MICS) and other national surveys; United Nations Population Division",Percent,82,1
CIV,C??te d'Ivoire,Female 15-49 yr,2007-2012,"UN_Demographic and Health Surveys (DHS), Multiple Indicator Cluster Surveys (MICS) and other national surveys; United Nations Population Division",Percent,18,1
CUB,Cuba,Female 15-49 yr,2007-2012,"UN_Demographic and Health Surveys (DHS), Multiple Indicator Cluster Surveys (MICS) and other national surveys; United Nations Population Division",Percent,74,1
:::Democratic People's Republic of Korea,Democratic People's Republic of Korea,Female 15-49 yr,2007-2012,"UN_Demographic and Health Surveys (DHS), Multiple Indicator Cluster Surveys (MICS) and other national surveys; United Nations Population Division",Percent,69,2
:::Democratic Republic of the Congo,Democratic Republic of the Congo,Female 15-49 yr,2007-2012,"UN_Demographic and Health Surveys (DHS), Multiple Indicator Cluster Surveys (MICS) and other national surveys; United Nations Population Division",Percent,17,1
DJI,Djibouti,Female 15-49 yr,2007-2012,"UN_Demographic and Health Surveys (DHS), Multiple Indicator Cluster Surveys (MICS) and other national surveys; United Nations Population Division",Percent,23,1
DOM,Dominican Republic,Female 15-49 yr,2007-2012,"UN_Demographic and Health Surveys (DHS), Multiple Indicator Cluster Surveys (MICS) and other national surveys; United Nations Population Division",Percent,73,1
:::East Asia and Pacific,East Asia and Pacific,Female 15-49 yr,2007-2012,"UN_Demographic and Health Surveys (DHS), Multiple Indicator Cluster Surveys (MICS) and other national surveys; United Nations Population Division",Percent,64,4
:::Eastern and Southern Africa,Eastern and Southern Africa,Female 15-49 yr,2007-2012,"UN_Demographic and Health Surveys (DHS), Multiple Indicator Cluster Surveys (MICS) and other national surveys; United Nations Population Division",Percent,34,3
ECU,Ecuador,Female 15-49 yr,2007-2012,"UN_Demographic and Health Surveys (DHS), Multiple Indicator Cluster Surveys (MICS) and other national surveys; United Nations Population Division",Percent,73,2
EGY,Egypt,Female 15-49 yr,2007-2012,"UN_Demographic and Health Surveys (DHS), Multiple Indicator Cluster Surveys (MICS) and other national surveys; United Nations Population Division",Percent,60,1
SLV,El Salvador,Female 15-49 yr,2007-2012,"UN_Demographic and Health Surveys (DHS), Multiple Indicator Cluster Surveys (MICS) and other national surveys; United Nations Population Division",Percent,73,1
GNQ,Equatorial Guinea,Female 15-49 yr,2007-2012,"UN_Demographic and Health Surveys (DHS), Multiple Indicator Cluster Surveys (MICS) and other national surveys; United Nations Population Division",Percent,10,2
ERI,Eritrea,Female 15-49 yr,2007-2012,"UN_Demographic and Health Surveys (DHS), Multiple Indicator Cluster Surveys (MICS) and other national surveys; United Nations Population Division",Percent,8,2
ETH,Ethiopia,Female 15-49 yr,2007-2012,"UN_Demographic and Health Surveys (DHS), Multiple Indicator Cluster Surveys (MICS) and other national surveys; United Nations Population Division",Percent,29,1
FJI,Fiji,Female 15-49 yr,2007-2012,"UN_Demographic and Health Surveys (DHS), Multiple Indicator Cluster Surveys (MICS) and other national surveys; United Nations Population Division",Percent,32,1
FRA,France,Female 15-49 yr,2007-2012,"UN_Demographic and Health Surveys (DHS), Multiple Indicator Cluster Surveys (MICS) and other national surveys; United Nations Population Division",Percent,71,2
GAB,Gabon,Female 15-49 yr,2007-2012,"UN_Demographic and Health Surveys (DHS), Multiple Indicator Cluster Surveys (MICS) and other national surveys; United Nations Population Division",Percent,33,2
GMB,Gambia,Female 15-49 yr,2007-2012,"UN_Demographic and Health Surveys (DHS), Multiple Indicator Cluster Surveys (MICS) and other national surveys; United Nations Population Division",Percent,13,1
GEO,Georgia,Female 15-49 yr,2007-2012,"UN_Demographic and Health Surveys (DHS), Multiple Indicator Cluster Surveys (MICS) and other national surveys; United Nations Population Division",Percent,53,1
GHA,Ghana,Female 15-49 yr,2007-2012,"UN_Demographic and Health Surveys (DHS), Multiple Indicator Cluster Surveys (MICS) and other national surveys; United Nations Population Division",Percent,34,1
GRC,Greece,Female 15-49 yr,2007-2012,"UN_Demographic and Health Surveys (DHS), Multiple Indicator Cluster Surveys (MICS) and other national surveys; United Nations Population Division",Percent,76,2
GRD,Grenada,Female 15-49 yr,2007-2012,"UN_Demographic and Health Surveys (DHS), Multiple Indicator Cluster Surveys (MICS) and other national surveys; United Nations Population Division",Percent,54,2
GTM,Guatemala,Female 15-49 yr,2007-2012,"UN_Demographic and Health Surveys (DHS), Multiple Indicator Cluster Surveys (MICS) and other national surveys; United Nations Population Division",Percent,54,1
GIN,Guinea,Female 15-49 yr,2007-2012,"UN_Demographic and Health Surveys (DHS), Multiple Indicator Cluster Surveys (MICS) and other national surveys; United Nations Population Division",Percent,9,2
GNB,Guinea-Bissau,Female 15-49 yr,2007-2012,"UN_Demographic and Health Surveys (DHS), Multiple Indicator Cluster Surveys (MICS) and other national surveys; United Nations Population Division",Percent,14,1
GUY,Guyana,Female 15-49 yr,2007-2012,"UN_Demographic and Health Surveys (DHS), Multiple Indicator Cluster Surveys (MICS) and other national surveys; United Nations Population Division",Percent,43,1
HTI,Haiti,Female 15-49 yr,2007-2012,"UN_Demographic and Health Surveys (DHS), Multiple Indicator Cluster Surveys (MICS) and other national surveys; United Nations Population Division",Percent,32,2
HND,Honduras,Female 15-49 yr,2007-2012,"UN_Demographic and Health Surveys (DHS), Multiple Indicator Cluster Surveys (MICS) and other national surveys; United Nations Population Division",Percent,65,2
IND,India,Female 15-49 yr,2007-2012,"UN_Demographic and Health Surveys (DHS), Multiple Indicator Cluster Surveys (MICS) and other national surveys; United Nations Population Division",Percent,55,1
IDN,Indonesia,Female 15-49 yr,2007-2012,"UN_Demographic and Health Surveys (DHS), Multiple Indicator Cluster Surveys (MICS) and other national surveys; United Nations Population Division",Percent,61,1
IRN,Iran,Female 15-49 yr,2007-2012,"UN_Demographic and Health Surveys (DHS), Multiple Indicator Cluster Surveys (MICS) and other national surveys; United Nations Population Division",Percent,79,2
IRQ,Iraq,Female 15-49 yr,2007-2012,"UN_Demographic and Health Surveys (DHS), Multiple Indicator Cluster Surveys (MICS) and other national surveys; United Nations Population Division",Percent,50,2
IRL,Ireland,Female 15-49 yr,2007-2012,"UN_Demographic and Health Surveys (DHS), Multiple Indicator Cluster Surveys (MICS) and other national surveys; United Nations Population Division",Percent,65,2
JAM,Jamaica,Female 15-49 yr,2007-2012,"UN_Demographic and Health Surveys (DHS), Multiple Indicator Cluster Surveys (MICS) and other national surveys; United Nations Population Division",Percent,72,1
JPN,Japan,Female 15-49 yr,2007-2012,"UN_Demographic and Health Surveys (DHS), Multiple Indicator Cluster Surveys (MICS) and other national surveys; United Nations Population Division",Percent,54,2
JOR,Jordan,Female 15-49 yr,2007-2012,"UN_Demographic and Health Surveys (DHS), Multiple Indicator Cluster Surveys (MICS) and other national surveys; United Nations Population Division",Percent,59,1
KAZ,Kazakhstan,Female 15-49 yr,2007-2012,"UN_Demographic and Health Surveys (DHS), Multiple Indicator Cluster Surveys (MICS) and other national surveys; United Nations Population Division",Percent,51,2
KEN,Kenya,Female 15-49 yr,2007-2012,"UN_Demographic and Health Surveys (DHS), Multiple Indicator Cluster Surveys (MICS) and other national surveys; United Nations Population Division",Percent,46,1
KIR,Kiribati,Female 15-49 yr,2007-2012,"UN_Demographic and Health Surveys (DHS), Multiple Indicator Cluster Surveys (MICS) and other national surveys; United Nations Population Division",Percent,22,1
KGZ,Kyrgyzstan,Female 15-49 yr,2007-2012,"UN_Demographic and Health Surveys (DHS), Multiple Indicator Cluster Surveys (MICS) and other national surveys; United Nations Population Division",Percent,48,2
LAO,Lao People's Democratic Republic,Female 15-49 yr,2007-2012,"UN_Demographic and Health Surveys (DHS), Multiple Indicator Cluster Surveys (MICS) and other national surveys; United Nations Population Division",Percent,38,2
,Least Developed Countries/Territories,Female 15-49 yr,2007-2012,"UN_Demographic and Health Surveys (DHS), Multiple Indicator Cluster Surveys (MICS) and other national surveys; United Nations Population Division",Percent,35,3
LBN,Lebanon,Female 15-49 yr,2007-2012,"UN_Demographic and Health Surveys (DHS), Multiple Indicator Cluster Surveys (MICS) and other national surveys; United Nations Population Division",Percent,54,1
LSO,Lesotho,Female 15-49 yr,2007-2012,"UN_Demographic and Health Surveys (DHS), Multiple Indicator Cluster Surveys (MICS) and other national surveys; United Nations Population Division",Percent,47,1
LBY,Libya,Female 15-49 yr,2007-2012,"UN_Demographic and Health Surveys (DHS), Multiple Indicator Cluster Surveys (MICS) and other national surveys; United Nations Population Division",Percent,11,1
MDG,Madagascar,Female 15-49 yr,2007-2012,"UN_Demographic and Health Surveys (DHS), Multiple Indicator Cluster Surveys (MICS) and other national surveys; United Nations Population Division",Percent,40,1
MWI,Malawi,Female 15-49 yr,2007-2012,"UN_Demographic and Health Surveys (DHS), Multiple Indicator Cluster Surveys (MICS) and other national surveys; United Nations Population Division",Percent,46,1
MDV,Maldives,Female 15-49 yr,2007-2012,"UN_Demographic and Health Surveys (DHS), Multiple Indicator Cluster Surveys (MICS) and other national surveys; United Nations Population Division",Percent,35,1
MLI,Mali,Female 15-49 yr,2007-2012,"UN_Demographic and Health Surveys (DHS), Multiple Indicator Cluster Surveys (MICS) and other national surveys; United Nations Population Division",Percent,8,2
MHL,Marshall Islands,Female 15-49 yr,2007-2012,"UN_Demographic and Health Surveys (DHS), Multiple Indicator Cluster Surveys (MICS) and other national surveys; United Nations Population Division",Percent,45,1
MRT,Mauritania,Female 15-49 yr,2007-2012,"UN_Demographic and Health Surveys (DHS), Multiple Indicator Cluster Surveys (MICS) and other national surveys; United Nations Population Division",Percent,9,1
MUS,Mauritius,Female 15-49 yr,2007-2012,"UN_Demographic and Health Surveys (DHS), Multiple Indicator Cluster Surveys (MICS) and other national surveys; United Nations Population Division",Percent,76,2
MEX,Mexico,Female 15-49 yr,2007-2012,"UN_Demographic and Health Surveys (DHS), Multiple Indicator Cluster Surveys (MICS) and other national surveys; United Nations Population Division",Percent,73,1
:::Micronesia (Federated States of),Micronesia (Federated States of),Female 15-49 yr,2007-2012,"UN_Demographic and Health Surveys (DHS), Multiple Indicator Cluster Surveys (MICS) and other national surveys; United Nations Population Division",Percent,55,1
,Middle East and North Africa,Female 15-49 yr,2007-2012,"UN_Demographic and Health Surveys (DHS), Multiple Indicator Cluster Surveys (MICS) and other national surveys; United Nations Population Division",Percent,48,3
MNG,Mongolia,Female 15-49 yr,2007-2012,"UN_Demographic and Health Surveys (DHS), Multiple Indicator Cluster Surveys (MICS) and other national surveys; United Nations Population Division",Percent,55,1
MNE,Montenegro,Female 15-49 yr,2007-2012,"UN_Demographic and Health Surveys (DHS), Multiple Indicator Cluster Surveys (MICS) and other national surveys; United Nations Population Division",Percent,39,2
MAR,Morocco,Female 15-49 yr,2007-2012,"UN_Demographic and Health Surveys (DHS), Multiple Indicator Cluster Surveys (MICS) and other national surveys; United Nations Population Division",Percent,67,1
MOZ,Mozambique,Female 15-49 yr,2007-2012,"UN_Demographic and Health Surveys (DHS), Multiple Indicator Cluster Surveys (MICS) and other national surveys; United Nations Population Division",Percent,12,1
MMR,Myanmar,Female 15-49 yr,2007-2012,"UN_Demographic and Health Surveys (DHS), Multiple Indicator Cluster Surveys (MICS) and other national surveys; United Nations Population Division",Percent,46,1
NAM,Namibia,Female 15-49 yr,2007-2012,"UN_Demographic and Health Surveys (DHS), Multiple Indicator Cluster Surveys (MICS) and other national surveys; United Nations Population Division",Percent,55,1
NRU,Nauru,Female 15-49 yr,2007-2012,"UN_Demographic and Health Surveys (DHS), Multiple Indicator Cluster Surveys (MICS) and other national surveys; United Nations Population Division",Percent,36,1
NPL,Nepal,Female 15-49 yr,2007-2012,"UN_Demographic and Health Surveys (DHS), Multiple Indicator Cluster Surveys (MICS) and other national surveys; United Nations Population Division",Percent,50,1
NLD,Netherlands,Female 15-49 yr,2007-2012,"UN_Demographic and Health Surveys (DHS), Multiple Indicator Cluster Surveys (MICS) and other national surveys; United Nations Population Division",Percent,69,1
NIC,Nicaragua,Female 15-49 yr,2007-2012,"UN_Demographic and Health Surveys (DHS), Multiple Indicator Cluster Surveys (MICS) and other national surveys; United Nations Population Division",Percent,72,1
NER,Niger,Female 15-49 yr,2007-2012,"UN_Demographic and Health Surveys (DHS), Multiple Indicator Cluster Surveys (MICS) and other national surveys; United Nations Population Division",Percent,18,1
NGA,Nigeria,Female 15-49 yr,2007-2012,"UN_Demographic and Health Surveys (DHS), Multiple Indicator Cluster Surveys (MICS) and other national surveys; United Nations Population Division",Percent,15,1
NIU,Niue,Female 15-49 yr,2007-2012,"UN_Demographic and Health Surveys (DHS), Multiple Indicator Cluster Surveys (MICS) and other national surveys; United Nations Population Division",Percent,23,2
NOR,Norway,Female 15-49 yr,2007-2012,"UN_Demographic and Health Surveys (DHS), Multiple Indicator Cluster Surveys (MICS) and other national surveys; United Nations Population Division",Percent,88,2
OMN,Oman,Female 15-49 yr,2007-2012,"UN_Demographic and Health Surveys (DHS), Multiple Indicator Cluster Surveys (MICS) and other national surveys; United Nations Population Division",Percent,24,1
PAK,Pakistan,Female 15-49 yr,2007-2012,"UN_Demographic and Health Surveys (DHS), Multiple Indicator Cluster Surveys (MICS) and other national surveys; United Nations Population Division",Percent,27,1
PLW,Palau,Female 15-49 yr,2007-2012,"UN_Demographic and Health Surveys (DHS), Multiple Indicator Cluster Surveys (MICS) and other national surveys; United Nations Population Division",Percent,22,1
PAN,Panama,Female 15-49 yr,2007-2012,"UN_Demographic and Health Surveys (DHS), Multiple Indicator Cluster Surveys (MICS) and other national surveys; United Nations Population Division",Percent,52,1
PNG,Papua New Guinea,Female 15-49 yr,2007-2012,"UN_Demographic and Health Surveys (DHS), Multiple Indicator Cluster Surveys (MICS) and other national surveys; United Nations Population Division",Percent,32,2
PRY,Paraguay,Female 15-49 yr,2007-2012,"UN_Demographic and Health Surveys (DHS), Multiple Indicator Cluster Surveys (MICS) and other national surveys; United Nations Population Division",Percent,79,1
PER,Peru,Female 15-49 yr,2007-2012,"UN_Demographic and Health Surveys (DHS), Multiple Indicator Cluster Surveys (MICS) and other national surveys; United Nations Population Division",Percent,75,1
PHL,Philippines,Female 15-49 yr,2007-2012,"UN_Demographic and Health Surveys (DHS), Multiple Indicator Cluster Surveys (MICS) and other national surveys; United Nations Population Division",Percent,51,1
PRT,Portugal,Female 15-49 yr,2007-2012,"UN_Demographic and Health Surveys (DHS), Multiple Indicator Cluster Surveys (MICS) and other national surveys; United Nations Population Division",Percent,67,2
KOR,Republic of Korea,Female 15-49 yr,2007-2012,"UN_Demographic and Health Surveys (DHS), Multiple Indicator Cluster Surveys (MICS) and other national surveys; United Nations Population Division",Percent,80,1
MDA,Republic of Moldova,Female 15-49 yr,2007-2012,"UN_Demographic and Health Surveys (DHS), Multiple Indicator Cluster Surveys (MICS) and other national surveys; United Nations Population Division",Percent,68,2
ROU,Romania,Female 15-49 yr,2007-2012,"UN_Demographic and Health Surveys (DHS), Multiple Indicator Cluster Surveys (MICS) and other national surveys; United Nations Population Division",Percent,70,2
RUS,Russia,Female 15-49 yr,2007-2012,"UN_Demographic and Health Surveys (DHS), Multiple Indicator Cluster Surveys (MICS) and other national surveys; United Nations Population Division",Percent,80,1
RWA,Rwanda,Female 15-49 yr,2007-2012,"UN_Demographic and Health Surveys (DHS), Multiple Indicator Cluster Surveys (MICS) and other national surveys; United Nations Population Division",Percent,52,1
,Saint Kitts and Nevis,Female 15-49 yr,2007-2012,"UN_Demographic and Health Surveys (DHS), Multiple Indicator Cluster Surveys (MICS) and other national surveys; United Nations Population Division",Percent,54,1
,Saint Vincent and the Grenadines,Female 15-49 yr,2007-2012,"UN_Demographic and Health Surveys (DHS), Multiple Indicator Cluster Surveys (MICS) and other national surveys; United Nations Population Division",Percent,48,2
WSM,Samoa,Female 15-49 yr,2007-2012,"UN_Demographic and Health Surveys (DHS), Multiple Indicator Cluster Surveys (MICS) and other national surveys; United Nations Population Division",Percent,29,1
STP,Sao Tome and Principe,Female 15-49 yr,2007-2012,"UN_Demographic and Health Surveys (DHS), Multiple Indicator Cluster Surveys (MICS) and other national surveys; United Nations Population Division",Percent,38,1
SAU,Saudi Arabia,Female 15-49 yr,2007-2012,"UN_Demographic and Health Surveys (DHS), Multiple Indicator Cluster Surveys (MICS) and other national surveys; United Nations Population Division",Percent,24,1
SEN,Senegal,Female 15-49 yr,2007-2012,"UN_Demographic and Health Surveys (DHS), Multiple Indicator Cluster Surveys (MICS) and other national surveys; United Nations Population Division",Percent,13,1
SRB,Serbia,Female 15-49 yr,2007-2012,"UN_Demographic and Health Surveys (DHS), Multiple Indicator Cluster Surveys (MICS) and other national surveys; United Nations Population Division",Percent,61,1
SLE,Sierra Leone,Female 15-49 yr,2007-2012,"UN_Demographic and Health Surveys (DHS), Multiple Indicator Cluster Surveys (MICS) and other national surveys; United Nations Population Division",Percent,11,1
SLB,Solomon Islands,Female 15-49 yr,2007-2012,"UN_Demographic and Health Surveys (DHS), Multiple Indicator Cluster Surveys (MICS) and other national surveys; United Nations Population Division",Percent,35,1
SOM,Somalia,Female 15-49 yr,2007-2012,"UN_Demographic and Health Surveys (DHS), Multiple Indicator Cluster Surveys (MICS) and other national surveys; United Nations Population Division",Percent,15,2
ZAF,South Africa,Female 15-49 yr,2007-2012,"UN_Demographic and Health Surveys (DHS), Multiple Indicator Cluster Surveys (MICS) and other national surveys; United Nations Population Division",Percent,60,2
:::South Asia,South Asia,Female 15-49 yr,2007-2012,"UN_Demographic and Health Surveys (DHS), Multiple Indicator Cluster Surveys (MICS) and other national surveys; United Nations Population Division",Percent,52,3
SDN,South Sudan,Female 15-49 yr,2007-2012,"UN_Demographic and Health Surveys (DHS), Multiple Indicator Cluster Surveys (MICS) and other national surveys; United Nations Population Division",Percent,4,5
ESP,Spain,Female 15-49 yr,2007-2012,"UN_Demographic and Health Surveys (DHS), Multiple Indicator Cluster Surveys (MICS) and other national surveys; United Nations Population Division",Percent,66,2
LKA,Sri Lanka,Female 15-49 yr,2007-2012,"UN_Demographic and Health Surveys (DHS), Multiple Indicator Cluster Surveys (MICS) and other national surveys; United Nations Population Division",Percent,68,1
PSE,State of Palestine,Female 15-49 yr,2007-2012,"UN_Demographic and Health Surveys (DHS), Multiple Indicator Cluster Surveys (MICS) and other national surveys; United Nations Population Division",Percent,50,2
,Sub-Saharan Africa,Female 15-49 yr,2007-2012,"UN_Demographic and Health Surveys (DHS), Multiple Indicator Cluster Surveys (MICS) and other national surveys; United Nations Population Division",Percent,24,3
SDN,Sudan,Female 15-49 yr,2007-2012,"UN_Demographic and Health Surveys (DHS), Multiple Indicator Cluster Surveys (MICS) and other national surveys; United Nations Population Division",Percent,9,5
SUR,Suriname,Female 15-49 yr,2007-2012,"UN_Demographic and Health Surveys (DHS), Multiple Indicator Cluster Surveys (MICS) and other national surveys; United Nations Population Division",Percent,46,2
SWZ,Swaziland,Female 15-49 yr,2007-2012,"UN_Demographic and Health Surveys (DHS), Multiple Indicator Cluster Surveys (MICS) and other national surveys; United Nations Population Division",Percent,65,1
SYR,Syrian Arab Republic,Female 15-49 yr,2007-2012,"UN_Demographic and Health Surveys (DHS), Multiple Indicator Cluster Surveys (MICS) and other national surveys; United Nations Population Division",Percent,54,1
TJK,Tajikistan,Female 15-49 yr,2007-2012,"UN_Demographic and Health Surveys (DHS), Multiple Indicator Cluster Surveys (MICS) and other national surveys; United Nations Population Division",Percent,37,1
THA,Thailand,Female 15-49 yr,2007-2012,"UN_Demographic and Health Surveys (DHS), Multiple Indicator Cluster Surveys (MICS) and other national surveys; United Nations Population Division",Percent,80,1
,The former Yugoslav Republic of Macedonia,Female 15-49 yr,2007-2012,"UN_Demographic and Health Surveys (DHS), Multiple Indicator Cluster Surveys (MICS) and other national surveys; United Nations Population Division",Percent,40,1
TLS,Timor-Leste,Female 15-49 yr,2007-2012,"UN_Demographic and Health Surveys (DHS), Multiple Indicator Cluster Surveys (MICS) and other national surveys; United Nations Population Division",Percent,22,1
TGO,Togo,Female 15-49 yr,2007-2012,"UN_Demographic and Health Surveys (DHS), Multiple Indicator Cluster Surveys (MICS) and other national surveys; United Nations Population Division",Percent,15,1
TON,Tonga,Female 15-49 yr,2007-2012,"UN_Demographic and Health Surveys (DHS), Multiple Indicator Cluster Surveys (MICS) and other national surveys; United Nations Population Division",Percent,32,1
TTO,Trinidad and Tobago,Female 15-49 yr,2007-2012,"UN_Demographic and Health Surveys (DHS), Multiple Indicator Cluster Surveys (MICS) and other national surveys; United Nations Population Division",Percent,43,2
TUN,Tunisia,Female 15-49 yr,2007-2012,"UN_Demographic and Health Surveys (DHS), Multiple Indicator Cluster Surveys (MICS) and other national surveys; United Nations Population Division",Percent,60,2
TUR,Turkey,Female 15-49 yr,2007-2012,"UN_Demographic and Health Surveys (DHS), Multiple Indicator Cluster Surveys (MICS) and other national surveys; United Nations Population Division",Percent,73,1
TKM,Turkmenistan,Female 15-49 yr,2007-2012,"UN_Demographic and Health Surveys (DHS), Multiple Indicator Cluster Surveys (MICS) and other national surveys; United Nations Population Division",Percent,48,2
TUV,Tuvalu,Female 15-49 yr,2007-2012,"UN_Demographic and Health Surveys (DHS), Multiple Indicator Cluster Surveys (MICS) and other national surveys; United Nations Population Division",Percent,31,1
UGA,Uganda,Female 15-49 yr,2007-2012,"UN_Demographic and Health Surveys (DHS), Multiple Indicator Cluster Surveys (MICS) and other national surveys; United Nations Population Division",Percent,30,1
UKR,Ukraine,Female 15-49 yr,2007-2012,"UN_Demographic and Health Surveys (DHS), Multiple Indicator Cluster Surveys (MICS) and other national surveys; United Nations Population Division",Percent,67,1
GBR,United Kingdom,Female 15-49 yr,2007-2012,"UN_Demographic and Health Surveys (DHS), Multiple Indicator Cluster Surveys (MICS) and other national surveys; United Nations Population Division",Percent,84,1
TZA,Tanzania,Female 15-49 yr,2007-2012,"UN_Demographic and Health Surveys (DHS), Multiple Indicator Cluster Surveys (MICS) and other national surveys; United Nations Population Division",Percent,34,1
USA,USA,Female 15-49 yr,2007-2012,"UN_Demographic and Health Surveys (DHS), Multiple Indicator Cluster Surveys (MICS) and other national surveys; United Nations Population Division",Percent,79,1
URY,Uruguay,Female 15-49 yr,2007-2012,"UN_Demographic and Health Surveys (DHS), Multiple Indicator Cluster Surveys (MICS) and other national surveys; United Nations Population Division",Percent,78,2
UZB,Uzbekistan,Female 15-49 yr,2007-2012,"UN_Demographic and Health Surveys (DHS), Multiple Indicator Cluster Surveys (MICS) and other national surveys; United Nations Population Division",Percent,65,2
VUT,Vanuatu,Female 15-49 yr,2007-2012,"UN_Demographic and Health Surveys (DHS), Multiple Indicator Cluster Surveys (MICS) and other national surveys; United Nations Population Division",Percent,38,1
VNM,Viet Nam,Female 15-49 yr,2007-2012,"UN_Demographic and Health Surveys (DHS), Multiple Indicator Cluster Surveys (MICS) and other national surveys; United Nations Population Division",Percent,78,1
YEM,Yemen,Female 15-49 yr,2007-2012,"UN_Demographic and Health Surveys (DHS), Multiple Indicator Cluster Surveys (MICS) and other national surveys; United Nations Population Division",Percent,28,2
ZMB,Zambia,Female 15-49 yr,2007-2012,"UN_Demographic and Health Surveys (DHS), Multiple Indicator Cluster Surveys (MICS) and other national surveys; United Nations Population Division",Percent,41,1
